name,date
15045_2017-10-31,2017.8301369863
150858355_2012-12-18,2012.96174863388
151404597_2015-04-10,2015.27123287671
151276890_2014-07-17,2014.5397260274
151351362_2014-11-06,2014.84657534247
151429032_2016-04-13,2016.28142076503
151527835_2015-09-16,2015.70684931507
JX161220_2008-10-15,2008.7868852459
JX160747_2003-02-05,2003.09589041096
151544109_2015-10-13,2015.78082191781
151553821_2015-10-28,2015.82191780822
JX160935_2001-12-31,2001.99726027397
JX160946_2001-10-03,2001.75342465753
JX161066_2009-04-28,2009.32054794521
JX161128_2009-08-21,2009.63561643836
JX161346_2006-07-24,2006.55890410959
KY579652_2013-01-14,2013.03561643836
KY579730_2012-06-10,2012.43989071038
JX160146_2003-02-13,2003.11780821918
JX161131_2006-08-14,2006.61643835616
JX160622_1998-12-02,1998.91780821918
JX160682_1998-12-02,1998.91780821918
JX161439_2005-06-03,2005.41917808219
JX161255_2007-05-31,2007.41095890411
JX160752_2005-01-14,2005.03561643836
JX160963_2009-07-21,2009.55068493151
JX161364_2007-01-29,2007.07671232877
JX161146_2003-11-28,2003.90684931507
JX161313_2001-01-03,2001.00547945205
151455580_2016-07-06,2016.51092896175
151702063_2016-09-15,2016.70491803279
152288892_2018-08-23,2018.64109589041
81613_2011-03-18,2011.20821917808
JX160526_2009-03-17,2009.20547945205
151478604_2015-06-23,2015.47397260274
152157010_2018-03-14,2018.19726027397
JX160715_2005-05-09,2005.35068493151
151713940_2016-09-07,2016.68306010929
151952698_2017-07-31,2017.57808219178
29307_2016-10-26,2016.81693989071
151694982_2016-06-21,2016.46994535519
16159_2014-12-31,2014.99726027397
152239086_2018-06-29,2018.4904109589
152251165_2018-08-21,2018.63561643836
JX161361_2009-07-22,2009.55342465753
151767465_2016-11-01,2016.83333333333
152164345_2018-04-19,2018.29589041096
JX160531_2007-03-05,2007.17260273973
JX161334_2003-04-11,2003.27397260274
JX161343_2001-11-27,2001.90410958904
JX160994_1998-12-02,1998.91780821918
152228722_2018-06-18,2018.4602739726
152240751_2018-06-29,2018.4904109589
KY579676_2011-08-17,2011.62465753425
JX160923_2004-03-01,2004.16393442623
151673581_2016-05-18,2016.37704918033
151675216_2016-06-15,2016.45355191257
JX160818_2003-09-23,2003.72602739726
JX160603_2003-02-27,2003.15616438356
JX160889_2007-08-13,2007.61369863014
JX160453_2005-11-24,2005.89589041096
JX160199_2003-08-11,2003.60821917808
JX160997_2005-10-24,2005.81095890411
JX160517_2005-05-20,2005.38082191781
JX161121_2006-08-31,2006.66301369863
JX160592_2007-01-03,2007.00547945205
JX161010_2004-12-28,2004.98907103825
JX160809_2000-10-11,2000.77595628415
JX160392_1999-12-06,1999.92876712329
KY579723_2013-08-22,2013.63835616438
151935238_2017-08-09,2017.60273972603
JX161279_2007-07-25,2007.56164383562
JX160501_2006-11-30,2006.91232876712
JX160702_2007-07-11,2007.52328767123
150928356_2015-04-13,2015.27945205479
151667943_2016-05-24,2016.39344262295
151679509_2016-06-13,2016.44808743169
151884588_2017-05-02,2017.33150684932
151078717_2017-02-08,2017.10410958904
87582_2012-11-07,2012.84972677596
151541650_2015-10-13,2015.78082191781
52870_2015-09-17,2015.7095890411
151938912_2017-07-20,2017.54794520548
151677001_2016-06-09,2016.43715846995
151496335_2015-07-21,2015.55068493151
152311917_2018-09-12,2018.69589041096
JX161419_2005-05-09,2005.35068493151
JX160758_2002-11-11,2002.8602739726
151470721_2015-06-05,2015.42465753425
JX160142_2006-09-11,2006.69315068493
JX160467_2004-04-09,2004.27049180328
151178743_2016-02-22,2016.14207650273
151622583_2016-12-05,2016.9262295082
151359936_2014-11-25,2014.89863013699
151372585_2014-12-09,2014.93698630137
151653846_2016-04-19,2016.29781420765
151655538_2016-04-19,2016.29781420765
150982042_2014-10-23,2014.80821917808
JX160218_2009-04-22,2009.30410958904
JX161105_2003-10-23,2003.80821917808
JX161226_2002-09-10,2002.6904109589
JX161258_2001-06-11,2001.44109589041
JX160156_2004-02-17,2004.12841530055
JX160265_2000-05-15,2000.36885245902
JX161320_2002-07-08,2002.51506849315
JX160611_2006-04-10,2006.27123287671
JX161161_2003-02-16,2003.12602739726
JX161177_2001-05-03,2001.33424657534
JX160181_2006-08-23,2006.64109589041
JX160396_2002-08-01,2002.58082191781
151460736_2015-06-11,2015.44109589041
151639915_2016-05-05,2016.34153005464
JX160718_2005-05-13,2005.36164383562
JX160195_2008-06-29,2008.49180327869
152119675_2018-04-13,2018.27945205479
JX160873_2003-04-09,2003.26849315068
151503730_2016-05-04,2016.33879781421
151508082_2015-08-11,2015.60821917808
151626918_2016-04-19,2016.29781420765
151930078_2017-07-05,2017.50684931507
JX160375_2008-06-23,2008.47540983607
JX160115_2004-12-01,2004.91530054645
JX161462_2007-06-19,2007.46301369863
151920693_2017-07-18,2017.54246575342
41377_2015-08-10,2015.60547945205
JX161165_1999-06-30,1999.49315068493
JX161301_2001-12-18,2001.96164383562
JX160854_2001-12-10,2001.9397260274
JX161275_2001-12-27,2001.98630136986
JX160180_2002-08-16,2002.62191780822
JX160679_2000-01-24,2000.06284153005
JX160141_2005-02-16,2005.12602739726
JX160259_2004-04-23,2004.3087431694
JX160966_2001-08-10,2001.60547945205
JX161195_2001-07-11,2001.52328767123
JX160666_1999-05-03,1999.33424657534
JX160910_2001-07-03,2001.50136986301
JX160899_2006-08-21,2006.63561643836
JX161276_2001-01-18,2001.04657534247
JX161460_2002-11-04,2002.84109589041
JX160607_1999-01-13,1999.03287671233
JX160875_2000-09-20,2000.71857923497
JX160162_2001-05-04,2001.33698630137
JX160556_2003-07-28,2003.5698630137
JX161166_2006-12-09,2006.93698630137
JX160284_2001-05-04,2001.33698630137
JX160928_2003-11-04,2003.84109589041
JX161314_2007-11-06,2007.84657534247
JX161278_2007-03-29,2007.23835616438
JX160433_2008-07-22,2008.55464480874
JX160618_2002-02-04,2002.09315068493
JX161338_2002-08-15,2002.61917808219
JX160731_2000-07-24,2000.56010928962
JX160765_2000-03-26,2000.23224043716
JX160708_2006-07-17,2006.5397260274
JX160811_1999-10-13,1999.78082191781
JX161243_2003-07-29,2003.57260273973
JX160514_2001-08-20,2001.63287671233
JX160869_2005-12-30,2005.99452054795
JX160133_1999-06-21,1999.46849315068
JX160310_2006-10-23,2006.80821917808
151881454_2017-05-04,2017.33698630137
JX160925_2008-02-25,2008.15027322404
JX161377_2005-08-04,2005.58904109589
JX160494_2003-06-18,2003.4602739726
JX161036_1999-12-21,1999.9698630137
151475896_2015-07-01,2015.49589041096
JX161416_2006-01-23,2006.0602739726
JX161012_2003-06-30,2003.49315068493
JX160319_2009-06-29,2009.4904109589
JX160984_2009-08-24,2009.64383561644
JX160671_2005-03-07,2005.17808219178
JX160705_2008-07-15,2008.53551912568
JX161092_2005-02-15,2005.12328767123
151191139_2014-09-11,2014.69315068493
151571035_2016-04-04,2016.25683060109
72193_2016-03-23,2016.22404371585
151262697_2015-07-13,2015.52876712329
152125398_2018-01-30,2018.07945205479
151842064_2017-02-17,2017.12876712329
KY579646_2008-04-22,2008.30601092896
JX160519_2000-01-24,2000.06284153005
JX160585_2003-12-18,2003.96164383562
JX161002_2003-08-30,2003.6602739726
JX161084_2002-07-24,2002.55890410959
JX161087_2008-08-28,2008.65573770492
66396_2017-06-05,2017.42465753425
JX160725_1999-01-26,1999.06849315068
JX161064_2001-04-26,2001.31506849315
KY579673_2009-12-22,2009.97260273973
151304772_2014-08-07,2014.59726027397
151529791_2015-09-15,2015.70410958904
65871_2016-12-15,2016.95355191257
151455943_2015-05-01,2015.32876712329
152274654_2018-09-06,2018.67945205479
151867407_2017-03-24,2017.22465753425
151937746_2017-07-13,2017.52876712329
151940101_2018-07-24,2018.55890410959
JX160979_2005-10-19,2005.79726027397
151479046_2015-06-23,2015.47397260274
151444867_2015-04-28,2015.32054794521
151476814_2015-06-24,2015.47671232877
JX161126_2008-02-26,2008.15300546448
JX161181_2006-04-28,2006.32054794521
JX161186_2008-12-10,2008.93989071038
JX160772_2006-03-28,2006.23561643836
JX160857_2006-03-30,2006.24109589041
JX160727_2000-10-04,2000.75683060109
JX161237_2003-09-17,2003.7095890411
JX160459_2003-05-13,2003.36164383562
JX160282_2001-10-02,2001.75068493151
JX161102_2008-03-10,2008.18852459016
JX161253_2003-07-26,2003.56438356164
KY579641_2006-08-23,2006.64109589041
JX160790_1999-07-08,1999.51506849315
JX161118_2000-06-20,2000.46721311475
JX161305_2000-05-12,2000.3606557377
JX161033_2004-05-25,2004.39617486339
JX161056_2006-12-28,2006.98904109589
151289014_2014-07-23,2014.55616438356
151438095_2015-07-28,2015.5698630137
151910796_2017-07-05,2017.50684931507
151959336_2017-08-06,2017.59452054795
152281827_2018-08-06,2018.59452054795
152216965_2018-05-22,2018.38630136986
72018_2015-04-30,2015.32602739726
JX160830_2000-02-09,2000.10655737705
JX160863_2007-11-06,2007.84657534247
JX161043_2005-01-10,2005.02465753425
JX160225_2000-08-09,2000.60382513661
JX160402_2001-05-09,2001.35068493151
JX160446_1999-04-15,1999.28493150685
152341117_2018-10-22,2018.80547945205
67251_2018-12-18,2018.96164383562
JX161221_2008-01-14,2008.03551912568
JX160876_2001-09-26,2001.73424657534
65508_2015-05-28,2015.40273972603
JX160211_2002-07-11,2002.52328767123
JX160800_2004-06-28,2004.48907103825
JX160317_2000-04-13,2000.28142076503
JX160973_2002-02-11,2002.11232876712
JX160175_2005-06-15,2005.45205479452
JX160625_1999-06-17,1999.45753424658
JX161468_2000-06-02,2000.41803278689
KY579647_2000-06-02,2000.41803278689
JX160260_2007-04-05,2007.25753424658
JX161350_2005-09-29,2005.74246575342
JX161403_2006-08-08,2006.6
JX161211_2006-07-14,2006.53150684932
JX160817_2002-11-01,2002.83287671233
JX160950_1998-10-26,1998.81643835616
JX160219_2007-11-30,2007.91232876712
JX160193_2003-02-20,2003.13698630137
JX161256_2005-03-07,2005.17808219178
JX160525_2004-03-16,2004.20491803279
JX161011_2006-10-12,2006.77808219178
JX160463_2007-05-09,2007.35068493151
JX161428_2000-06-29,2000.49180327869
JX160630_2008-12-02,2008.91803278689
KY579672_2010-02-24,2010.14794520548
JX160118_2007-08-15,2007.61917808219
JX160665_2000-05-09,2000.35245901639
JX160927_1999-06-10,1999.43835616438
JX160549_2002-12-10,2002.9397260274
JX160738_2000-08-18,2000.62841530055
151008018_2016-03-23,2016.22404371585
JX160303_2001-08-15,2001.61917808219
JX161159_2001-10-30,2001.82739726027
151608739_2016-02-04,2016.09289617486
152100670_2018-01-12,2018.0301369863
JX160324_2005-09-19,2005.71506849315
JX160626_2003-01-09,2003.02191780822
JX160734_2007-06-21,2007.46849315068
JX160538_2004-02-23,2004.14480874317
151643097_2016-04-04,2016.25683060109
151643544_2016-04-21,2016.30327868852
152292216_2018-08-24,2018.64383561644
152044543_2017-11-21,2017.88767123288
151960441_2017-08-10,2017.60547945205
JX160503_2001-01-17,2001.04383561644
JX160637_2001-01-18,2001.04657534247
JX161265_2007-02-19,2007.13424657534
JX160850_2001-01-12,2001.0301369863
JX160427_2008-03-24,2008.22677595628
JX161375_2004-02-24,2004.14754098361
JX160654_2003-07-14,2003.53150684932
KY579657_2010-06-16,2010.45479452055
JX160114_1999-05-20,1999.38082191781
JX160166_2001-02-15,2001.12328767123
JX160932_2006-10-28,2006.82191780822
JX160263_1999-05-18,1999.37534246575
JX160636_2002-04-09,2002.26849315068
JX160848_2007-08-09,2007.60273972603
JX161120_2007-02-08,2007.10410958904
151609446_2016-03-07,2016.18032786885
JX160288_2008-01-23,2008.06010928962
JX160313_2009-09-23,2009.72602739726
JX160530_2008-10-23,2008.8087431694
JX160862_2003-07-10,2003.52054794521
JX160438_2003-11-01,2003.83287671233
KY579740_2010-06-22,2010.47123287671
JX160832_2003-01-27,2003.07123287671
JX161453_2004-08-16,2004.62295081967
JX160481_2006-03-28,2006.23561643836
JX160995_2005-06-17,2005.45753424658
JX160688_2002-11-26,2002.90136986301
JX161402_2002-06-20,2002.46575342466
KY579727_2002-04-26,2002.31506849315
151682017_2016-06-06,2016.42896174863
KY579685_2007-11-06,2007.84657534247
JX160456_2009-03-11,2009.18904109589
JX161109_2008-06-03,2008.42076502732
151933008_2017-06-30,2017.49315068493
151950646_2017-07-26,2017.56438356164
JX160216_2002-04-19,2002.29589041096
JX161409_2006-02-27,2006.15616438356
JX160601_2006-01-06,2006.01369863014
151684657_2016-06-09,2016.43715846995
JX160328_2003-05-27,2003.4
JX160675_2001-03-20,2001.21369863014
JX160834_2003-01-13,2003.03287671233
JX161113_2001-05-09,2001.35068493151
KY579693_2003-12-08,2003.93424657534
JX161137_2001-08-23,2001.64109589041
151723395_2016-09-22,2016.72404371585
151783879_2017-05-23,2017.38904109589
151846566_2017-04-07,2017.26301369863
151848175_2017-03-01,2017.16164383562
JX161188_2002-11-14,2002.86849315069
JX161101_1999-09-10,1999.6904109589
JX161197_2003-11-18,2003.87945205479
JX160131_2003-04-16,2003.28767123288
JX161207_2006-05-10,2006.35342465753
JX161324_2004-11-02,2004.83606557377
JX160421_2000-07-21,2000.55191256831
JX160878_2006-12-23,2006.97534246575
JX161434_2003-02-19,2003.13424657534
JX160297_2004-03-24,2004.22677595628
JX160693_2007-12-20,2007.96712328767
151434511_2015-07-20,2015.54794520548
46491_2015-06-15,2015.45205479452
151695069_2016-07-25,2016.56284153005
65422_2018-03-21,2018.21643835616
151987761_2017-09-18,2017.71232876712
JX160541_1998-09-15,1998.70410958904
151676487_2016-10-27,2016.81967213115
JX160157_2007-11-15,2007.87123287671
JX161443_2006-03-27,2006.23287671233
JX160201_2004-01-21,2004.05464480874
JX160373_2002-09-09,2002.68767123288
JX160909_2006-12-19,2006.96438356164
JX160232_2008-07-17,2008.54098360656
KY579671_2005-02-28,2005.15890410959
JX160836_2008-10-15,2008.7868852459
JX161308_2001-11-12,2001.86301369863
JX160235_2002-09-03,2002.67123287671
JX160751_2004-03-21,2004.21857923497
JX160455_2004-09-14,2004.70218579235
JX160629_2003-11-12,2003.86301369863
JX160933_1999-10-15,1999.78630136986
KY579700_2002-11-25,2002.89863013699
JX160344_1998-11-11,1998.8602739726
JX161309_2000-05-22,2000.38797814208
JX160676_2002-04-15,2002.28493150685
JX161284_1998-09-14,1998.70136986301
151683027_2017-10-26,2017.81643835616
151709791_2016-07-20,2016.54918032787
151878453_2017-04-13,2017.27945205479
151979862_2017-09-21,2017.72054794521
JX161367_2005-02-02,2005.08767123288
JX160458_2009-06-23,2009.47397260274
JX161248_2000-03-27,2000.2349726776
JX160710_2003-02-05,2003.09589041096
JX160542_2004-07-08,2004.51639344262
JX161347_2007-02-27,2007.15616438356
JX160548_1999-02-25,1999.15068493151
152248326_2018-06-27,2018.48493150685
JX161457_2008-01-17,2008.04371584699
JX160728_2000-08-17,2000.62568306011
JX161366_2007-02-26,2007.15342465753
JX161371_1999-08-27,1999.65205479452
151050786_2013-09-18,2013.71232876712
151061266_2013-12-03,2013.92054794521
151468990_2015-06-05,2015.42465753425
151408164_2015-04-20,2015.29863013699
151704955_2016-07-08,2016.51639344262
JX160473_2003-01-06,2003.01369863014
JX160931_1999-02-08,1999.10410958904
151432047_2015-05-04,2015.33698630137
151595514_2016-01-20,2016.05191256831
91935_2016-01-15,2016.03825136612
JX160419_2006-10-03,2006.75342465753
151836580_2017-03-09,2017.18356164384
JX160615_2004-01-16,2004.04098360656
JX161271_2000-10-19,2000.79781420765
JX160884_2004-08-02,2004.58469945355
JX161458_2001-12-27,2001.98630136986
KY579669_2005-09-19,2005.71506849315
JX160291_2002-12-16,2002.95616438356
JX161049_2008-10-27,2008.81967213115
JX160428_2004-02-09,2004.10655737705
JX161406_2004-12-22,2004.97267759563
JX161089_2007-04-24,2007.3095890411
JX160673_1999-03-11,1999.18904109589
151478226_2016-02-22,2016.14207650273
151491507_2015-08-06,2015.59452054795
151508143_2015-08-07,2015.59726027397
151546752_2015-11-19,2015.88219178082
JX161397_2006-03-02,2006.16438356164
151483630_2015-04-21,2015.30136986301
JX160616_2003-04-30,2003.32602739726
JX161122_2007-04-16,2007.28767123288
JX160124_2001-04-17,2001.2904109589
JX160148_2002-11-08,2002.85205479452
JX160285_2006-06-27,2006.48493150685
JX161426_2005-08-25,2005.64657534247
JX160975_2008-04-16,2008.28961748634
JX161474_1998-12-16,1998.95616438356
JX161477_1999-04-13,1999.27945205479
JX160361_2001-11-05,2001.84383561644
151838022_2017-03-15,2017.2
JX160143_2007-10-11,2007.77534246575
JX160165_2005-09-16,2005.70684931507
JX160340_1999-03-11,1999.18904109589
JX160589_1999-04-13,1999.27945205479
JX161392_2000-02-25,2000.15027322404
JX160620_2002-01-28,2002.07397260274
JX160650_2003-04-21,2003.30136986301
JX161379_2008-08-08,2008.60109289617
JX160364_2009-10-01,2009.74794520548
JX161218_2005-05-03,2005.33424657534
JX160610_2002-03-04,2002.1698630137
JX161431_2007-05-22,2007.38630136986
KY579746_2011-03-02,2011.16438356164
151674345_2016-05-20,2016.3825136612
151715442_2016-07-19,2016.54644808743
JX160900_2001-03-19,2001.21095890411
JX161236_2000-01-12,2000.03005464481
JX161136_2002-09-30,2002.74520547945
JX161212_2000-08-25,2000.64754098361
JX160210_2004-06-11,2004.44262295082
KY579741_2004-06-11,2004.44262295082
JX160495_2000-09-28,2000.74043715847
JX161005_2000-12-07,2000.93169398907
KY579747_2009-04-21,2009.30136986301
151943802_2017-07-26,2017.56438356164
JX160605_2007-07-30,2007.57534246575
JX161031_2007-08-13,2007.61369863014
JX161349_2005-01-07,2005.01643835616
JX160706_2001-05-01,2001.32876712329
JX160239_2001-12-13,2001.94794520548
JX160846_2000-05-26,2000.39890710383
JX160595_2000-06-07,2000.43169398907
152265475_2018-07-24,2018.55890410959
JX160269_2005-03-10,2005.18630136986
JX160311_2006-11-15,2006.87123287671
JX160119_2005-11-18,2005.87945205479
JX160220_2004-04-08,2004.26775956284
JX160606_2006-10-10,2006.77260273973
JX160321_2007-03-05,2007.17260273973
JX160801_2000-06-13,2000.44808743169
JX160271_2008-05-29,2008.40710382514
JX160761_2004-08-10,2004.60655737705
JX161155_2005-03-18,2005.20821917808
JX160108_2009-07-01,2009.49589041096
JX160485_1999-11-04,1999.84109589041
JX161157_2005-09-08,2005.68493150685
JX160300_1999-04-06,1999.2602739726
JX161167_1999-07-30,1999.57534246575
JX160360_1999-05-19,1999.37808219178
JX160860_2002-01-29,2002.07671232877
JX160497_2002-04-22,2002.30410958904
JX160125_2000-07-07,2000.51366120219
JX161450_2003-07-10,2003.52054794521
KY579645_2006-11-22,2006.8904109589
JX161342_2002-04-09,2002.26849315068
JX160484_2000-03-30,2000.24316939891
JX160795_2004-01-20,2004.05191256831
KY579664_2011-02-24,2011.14794520548
JX160567_2003-10-01,2003.74794520548
JX161106_2001-11-15,2001.87123287671
JX160241_1999-06-16,1999.45479452055
JX160978_2007-12-13,2007.94794520548
JX161262_2000-12-07,2000.93169398907
JX160342_2003-05-05,2003.3397260274
JX160794_2000-07-06,2000.51092896175
JX160405_2005-08-29,2005.65753424658
JX160275_1998-09-15,1998.70410958904
JX160569_2001-08-27,2001.65205479452
JX160655_2001-06-19,2001.46301369863
JX161302_2000-09-27,2000.73770491803
JX160316_2001-10-09,2001.7698630137
JX160712_2005-07-15,2005.53424657534
JX160477_1998-11-12,1998.86301369863
JX160543_2000-10-23,2000.8087431694
JX161401_1999-05-24,1999.39178082192
JX160703_1999-03-04,1999.1698630137
JX160839_2000-10-23,2000.8087431694
JX160777_1999-05-24,1999.39178082192
JX161179_2001-05-21,2001.38356164384
JX161110_1999-12-22,1999.97260273973
JX161475_1999-07-06,1999.5095890411
JX160947_1998-12-30,1998.99452054795
JX160431_1999-03-04,1999.1698630137
JX160476_2005-11-15,2005.87123287671
JX160580_1999-04-09,1999.26849315068
JX161068_2001-05-30,2001.40821917808
JX160451_2003-02-05,2003.09589041096
JX160789_2005-02-05,2005.09589041096
JX160957_2005-01-06,2005.01369863014
JX160138_2000-05-17,2000.37431693989
JX160804_2001-07-09,2001.51780821918
JX161189_2000-12-06,2000.92896174863
JX160555_2006-02-06,2006.09863013699
JX161193_2001-08-14,2001.61643835616
JX160185_2003-10-28,2003.82191780822
JX160197_2002-09-19,2002.71506849315
JX160513_1999-09-14,1999.70136986301
JX161287_2002-07-23,2002.55616438356
JX160206_2000-09-27,2000.73770491803
JX161083_2000-08-24,2000.64480874317
JX160283_1999-09-08,1999.68493150685
JX160768_2002-05-09,2002.35068493151
JX160412_2003-02-10,2003.1095890411
JX160262_2003-07-23,2003.55616438356
JX161290_2003-03-05,2003.17260273973
JX161356_2002-01-17,2002.04383561644
JX160662_2005-01-03,2005.00547945205
JX161230_2007-03-27,2007.23287671233
JX161096_2004-06-03,2004.42076502732
KY579735_2001-06-08,2001.43287671233
JX160333_1998-12-02,1998.91780821918
JX160359_2002-08-15,2002.61917808219
JX160849_2000-05-23,2000.39071038251
JX161327_2005-03-10,2005.18630136986
JX160243_2007-01-24,2007.06301369863
JX160939_2006-03-20,2006.21369863014
JX160903_2000-05-23,2000.39071038251
JX161173_2002-01-28,2002.07397260274
JX161021_2003-04-17,2003.2904109589
JX160121_2000-06-08,2000.43442622951
JX161411_2007-05-30,2007.40821917808
JX160709_2007-02-12,2007.11506849315
JX160868_1999-01-15,1999.03835616438
JX160370_2007-07-26,2007.56438356164
JX161018_2007-07-27,2007.56712328767
JX160500_2001-06-07,2001.4301369863
JX161311_2002-09-05,2002.67671232877
JX160907_2001-08-01,2001.58082191781
JX161385_2007-06-18,2007.4602739726
JX160527_2000-03-10,2000.18852459016
JX160851_2000-01-24,2000.06284153005
JX161029_2000-01-24,2000.06284153005
JX160831_2002-03-19,2002.21095890411
JX160808_2004-06-30,2004.49453551913
JX160755_2005-06-07,2005.4301369863
JX160962_2000-01-12,2000.03005464481
JX160417_2004-03-09,2004.18579234973
JX160981_1999-10-04,1999.75616438356
JX160600_2008-04-01,2008.24863387978
JX161306_1999-01-28,1999.07397260274
JX160604_2002-10-16,2002.78904109589
JX160634_2008-04-01,2008.24863387978
JX160352_2004-09-23,2004.72677595628
JX161445_2000-05-11,2000.35792349727
JX160647_2005-12-29,2005.99178082192
JX161321_1999-06-10,1999.43835616438
JX160144_2000-07-06,2000.51092896175
JX160691_1998-09-15,1998.70410958904
JX161441_2001-03-20,2001.21369863014
JX160306_2002-06-07,2002.4301369863
JX160748_2005-02-02,2005.08767123288
JX161019_2002-08-07,2002.59726027397
JX161027_2002-06-21,2002.46849315068
JX160322_2006-10-16,2006.78904109589
JX160641_2001-09-10,2001.6904109589
JX160382_1999-02-18,1999.13150684931
JX160374_2003-07-10,2003.52054794521
JX161427_2001-12-19,2001.96438356164
JX161178_2000-11-13,2000.86612021858
151144380_2014-01-30,2014.07945205479
63195_2018-01-24,2018.06301369863
151560474_2016-01-21,2016.05464480874
151598986_2016-04-12,2016.27868852459
151732837_2016-09-02,2016.6693989071
56757_2016-10-03,2016.75409836066
151770279_2016-10-24,2016.81147540984
151901628_2017-05-19,2017.37808219178
151980313_2017-09-18,2017.71232876712
152384334_2018-12-14,2018.95068493151
151491369_2015-07-07,2015.51232876712
151861423_2017-03-29,2017.23835616438
65472_2015-07-24,2015.55890410959
JX160270_2008-05-08,2008.34972677596
KY579707_2002-11-07,2002.84931506849
JX160140_2007-05-30,2007.40821917808
JX160613_1999-10-21,1999.80273972603
JX161075_1999-07-08,1999.51506849315
JX160571_2003-01-28,2003.07397260274
JX161266_2002-04-29,2002.32328767123
JX160353_2002-09-17,2002.7095890411
JX160399_1999-05-07,1999.34520547945
JX160940_2002-04-25,2002.31232876712
JX161213_1999-04-28,1999.32054794521
JX160798_2001-10-04,2001.75616438356
JX160365_2009-04-16,2009.28767123288
JX160416_2004-04-20,2004.30054644809
JX161444_2000-10-05,2000.75956284153
JX160897_2009-08-25,2009.64657534247
151878115_2017-04-18,2017.29315068493
JX160733_1998-04-10,1998.27123287671
JX160842_1998-11-05,1998.84383561644
JX160380_2008-03-10,2008.18852459016
JX161461_2009-09-29,2009.74246575342
JX161017_2006-09-27,2006.73698630137
JX160386_2009-10-08,2009.76712328767
JX161239_2000-06-22,2000.47267759563
JX160807_2003-08-20,2003.63287671233
JX160126_2005-06-24,2005.47671232877
JX161129_2001-04-12,2001.27671232877
JX160208_1999-11-02,1999.83561643836
JX161147_2008-04-24,2008.31147540984
JX161261_2005-03-16,2005.20273972603
JX160145_2002-04-23,2002.30684931507
JX160358_2000-07-27,2000.56830601093
JX160784_2000-05-19,2000.37978142077
JX161164_2005-06-22,2005.47123287671
JX161001_2005-07-07,2005.51232876712
JX161172_1998-12-31,1998.99726027397
JX160336_2000-05-24,2000.39344262295
JX161099_2006-04-06,2006.2602739726
JX161252_2007-02-14,2007.12054794521
JX160680_2009-07-21,2009.55068493151
JX160450_2002-07-09,2002.51780821918
JX160802_2006-07-17,2006.5397260274
JX160886_2009-06-11,2009.44109589041
JX160172_2005-04-29,2005.32328767123
JX160578_2008-05-20,2008.3825136612
JX160714_2003-09-17,2003.7095890411
JX161097_2005-06-03,2005.41917808219
JX160762_2009-02-17,2009.12876712329
JX161187_1999-02-23,1999.14520547945
JX161104_2001-01-19,2001.04931506849
JX161413_2006-07-17,2006.5397260274
JX160187_1999-07-22,1999.55342465753
JX160779_2004-07-29,2004.5737704918
JX160638_2008-08-29,2008.65846994536
152093796_2018-01-05,2018.01095890411
JX160381_2000-08-17,2000.62568306011
JX161323_2001-12-04,2001.92328767123
JX160539_2007-05-18,2007.37534246575
JX160572_2005-03-30,2005.24109589041
JX160902_2005-09-01,2005.66575342466
JX161138_2000-02-12,2000.11475409836
JX160672_2007-12-31,2007.99726027397
JX160866_2000-01-24,2000.06284153005
39036_2016-09-07,2016.68306010929
JX160496_1999-05-12,1999.35890410959
152143666_2018-03-08,2018.18082191781
152193661_2018-05-03,2018.33424657534
152218911_2018-05-25,2018.39452054795
JX161081_2007-02-07,2007.10136986301
JX160167_2003-06-30,2003.49315068493
JX160289_2003-03-03,2003.16712328767
JX160448_2001-11-01,2001.83287671233
JX160203_2007-02-20,2007.13698630137
JX160643_1999-12-20,1999.96712328767
JX160482_2006-03-07,2006.17808219178
JX161472_2008-03-25,2008.22950819672
JX160379_2005-12-29,2005.99178082192
JX160621_2001-07-09,2001.51780821918
JX160188_2003-01-27,2003.07123287671
JX160423_2005-07-07,2005.51232876712
JX160510_1999-03-03,1999.16712328767
JX161117_2007-09-17,2007.7095890411
JX161417_2004-11-03,2004.83879781421
JX161436_2005-01-06,2005.01369863014
JX161465_1998-11-03,1998.83835616438
JX161435_2004-09-22,2004.72404371585
JX160642_2008-09-12,2008.69672131148
JX161206_2009-05-21,2009.38356164384
JX161339_2009-05-22,2009.38630136986
JX160670_2009-01-07,2009.01643835616
JX161037_2007-02-12,2007.11506849315
JX161057_2000-08-24,2000.64480874317
JX161296_1999-06-22,1999.47123287671
JX161382_2009-04-14,2009.28219178082
JX160153_2004-11-19,2004.8825136612
JX161046_2000-02-11,2000.11202185792
JX160443_2003-02-20,2003.13698630137
JX161429_2002-09-17,2002.7095890411
JX161185_2000-04-14,2000.28415300546
JX161318_2003-06-26,2003.48219178082
JX161014_1999-02-10,1999.1095890411
JX161034_2000-06-19,2000.46448087432
JX160242_2007-09-04,2007.67397260274
JX161479_2001-07-02,2001.49863013699
JX160504_2001-12-18,2001.96164383562
150941100_2013-06-06,2013.42739726027
JX161204_2006-03-06,2006.17534246575
JX160619_2004-06-04,2004.42349726776
KY579731_2008-05-22,2008.38797814208
151668120_2016-05-19,2016.37978142077
82494_2012-03-29,2012.24043715847
151973007_2017-09-05,2017.67671232877
JX160769_2009-05-21,2009.38356164384
151478598_2015-07-10,2015.52054794521
151896369_2017-05-15,2017.36712328767
JX161384_2009-04-14,2009.28219178082
JX160840_2006-09-29,2006.74246575342
JX160859_2001-01-31,2001.08219178082
JX161449_2005-09-01,2005.66575342466
JX160290_1999-06-29,1999.4904109589
JX161235_2005-10-24,2005.81095890411
151223941_2014-04-28,2014.32054794521
151894471_2017-05-05,2017.3397260274
151953495_2017-08-10,2017.60547945205
JX160871_2007-03-01,2007.16164383562
151462084_2016-07-06,2016.51092896175
JX161246_2005-10-12,2005.77808219178
JX160544_2004-08-18,2004.62841530055
JX160136_1999-06-14,1999.44931506849
JX160449_2001-07-31,2001.57808219178
151315353_2014-09-11,2014.69315068493
JX160684_2005-07-05,2005.50684931507
JX160664_2005-10-25,2005.81369863014
67114_2012-04-27,2012.31967213115
KY579695_2012-01-13,2012.03278688525
JX160161_2002-10-15,2002.78630136986
JX160266_2000-01-31,2000.08196721311
JX161149_2008-03-04,2008.17213114754
JX160908_2000-05-26,2000.39890710383
KY579743_2012-07-03,2012.50273224044
151690678_2016-06-17,2016.45901639344
151691743_2016-10-07,2016.7650273224
JX161388_2005-06-08,2005.43287671233
JX160307_2000-08-01,2000.58196721311
JX161362_2008-10-07,2008.7650273224
JX161015_1999-09-09,1999.68767123288
JX161004_2001-11-29,2001.9095890411
JX161170_2000-03-10,2000.18852459016
JX161448_2004-06-07,2004.43169398907
JX161464_2004-07-29,2004.5737704918
KY579739_2012-02-23,2012.14480874317
151174227_2014-03-28,2014.23561643836
JX160406_2009-02-05,2009.09589041096
151635970_2016-03-18,2016.21038251366
JX160690_2009-05-05,2009.3397260274
151211391_2017-06-09,2017.43561643836
151953528_2017-08-03,2017.58630136986
152183944_2018-04-12,2018.27671232877
JX160663_2002-12-18,2002.96164383562
JX161038_2003-04-10,2003.27123287671
JX161123_2008-12-11,2008.94262295082
JX160537_2000-05-15,2000.36885245902
JX160980_2004-08-06,2004.5956284153
JX161451_2003-03-13,2003.19452054795
JX160177_2006-07-21,2006.55068493151
JX161062_2009-03-16,2009.20273972603
JX160159_2004-06-08,2004.43442622951
JX161086_2003-03-17,2003.20547945205
JX160633_2006-02-02,2006.08767123288
JX160856_1999-03-22,1999.21917808219
151360531_2016-06-07,2016.43169398907
JX160198_2007-08-28,2007.65479452055
JX160990_2001-09-24,2001.72876712329
JX161370_2000-09-18,2000.7131147541
JX160730_1999-04-16,1999.28767123288
JX160179_2002-02-26,2002.15342465753
JX160785_1999-05-21,1999.38356164384
JX160277_2003-10-17,2003.79178082192
JX160440_2000-12-14,2000.95081967213
JX161404_2009-03-06,2009.17534246575
JX160912_2005-04-13,2005.27945205479
JX161209_2000-07-24,2000.56010928962
JX161348_2001-05-02,2001.33150684932
JX160882_2001-04-16,2001.28767123288
JX160968_2002-02-15,2002.12328767123
151292256_2014-09-25,2014.73150684932
JX160993_2006-12-18,2006.96164383562
JX160955_2001-12-04,2001.92328767123
JX161294_2007-04-30,2007.32602739726
JX161277_1999-02-10,1999.1095890411
151369272_2014-11-18,2014.87945205479
152286924_2018-09-25,2018.73150684932
152293702_2018-08-19,2018.6301369863
152359990_2019-01-15,2019.03835616438
75795_2014-05-29,2014.40547945205
151901754_2017-07-05,2017.50684931507
151914747_2017-06-09,2017.43561643836
151422411_2015-12-16,2015.95616438356
63516_2015-03-12,2015.19178082192
151600108_2016-02-16,2016.12568306011
KY579742_2012-09-13,2012.69945355191
KY579698_2005-04-14,2005.28219178082
JX161295_2003-12-08,2003.93424657534
JX161359_1999-04-08,1999.26575342466
JX160507_1999-05-04,1999.33698630137
JX160602_2000-05-19,2000.37978142077
JX161016_2001-12-28,2001.98904109589
KY579658_2011-07-12,2011.52602739726
KY579713_2005-05-11,2005.35616438356
151382769_2014-12-05,2014.92602739726
JX160874_2004-02-19,2004.13387978142
JX161274_2002-02-21,2002.1397260274
JX161408_2002-02-25,2002.15068493151
JX160861_2009-04-14,2009.28219178082
JX160238_2004-09-30,2004.74590163934
JX160408_2003-11-19,2003.88219178082
KY579679_2002-11-13,2002.86575342466
JX160806_2009-08-25,2009.64657534247
JX160407_2004-11-08,2004.85245901639
JX161200_2001-01-03,2001.00547945205
JX160134_2002-09-16,2002.70684931507
JX160401_2006-06-15,2006.45205479452
JX161297_2003-06-30,2003.49315068493
JX160366_2005-08-24,2005.64383561644
JX160562_2000-07-31,2000.57923497268
JX160681_2007-09-17,2007.7095890411
JX161130_2002-04-15,2002.28493150685
151361574_2014-10-29,2014.82465753425
151470126_2015-06-16,2015.45479452055
151518850_2015-09-03,2015.67123287671
24591_2012-02-07,2012.10109289617
JX161369_2005-11-08,2005.85205479452
JX160173_2007-12-04,2007.92328767123
JX160346_2000-02-14,2000.12021857923
151990933_2017-10-10,2017.77260273973
JX161124_2004-09-30,2004.74590163934
JX160924_2006-03-23,2006.22191780822
JX160667_1999-02-23,1999.14520547945
JX160332_2003-10-21,2003.80273972603
JX160511_2004-06-09,2004.43715846995
151433410_2015-04-06,2015.2602739726
JX160329_2007-12-03,2007.92054794521
JX160723_2007-09-17,2007.7095890411
152386420_2018-12-17,2018.95890410959
JX161299_2004-04-09,2004.27049180328
JX160150_2008-05-15,2008.36885245902
JX160787_2004-07-30,2004.57650273224
JX161114_2003-02-08,2003.10410958904
KY579706_2003-02-08,2003.10410958904
KY579719_2008-07-30,2008.57650273224
JX160735_2004-07-22,2004.55464480874
JX161231_2004-05-20,2004.3825136612
151556316_2015-10-23,2015.80821917808
JX160717_2002-09-26,2002.73424657534
JX161203_2007-02-05,2007.09589041096
JX160314_2008-02-29,2008.16120218579
151700098_2016-08-11,2016.60928961749
JX160890_2008-02-21,2008.1393442623
151648957_2017-01-19,2017.04931506849
JX161208_2004-05-21,2004.38524590164
JX160182_1999-12-06,1999.92876712329
JX161196_2007-12-17,2007.95890410959
JX160532_2006-11-15,2006.87123287671
JX161153_2001-03-29,2001.23835616438
JX161412_2007-03-05,2007.17260273973
152210872_2018-05-21,2018.38356164384
JX160296_2000-11-30,2000.91256830601
JX160343_2000-03-15,2000.20218579235
JX160591_2006-12-21,2006.9698630137
JX160926_2004-02-02,2004.08743169399
JX160729_2001-06-05,2001.42465753425
JX160885_2001-05-09,2001.35068493151
JX161023_2006-08-14,2006.61643835616
JX160913_2002-04-29,2002.32328767123
JX161446_2002-03-13,2002.19452054795
150987940_2013-07-15,2013.53424657534
JX160292_2007-12-28,2007.98904109589
JX161222_2003-07-01,2003.49589041096
JX160363_2007-06-10,2007.43835616438
JX160951_2004-02-11,2004.11202185792
JX160949_2000-09-27,2000.73770491803
151420831_2015-03-12,2015.19178082192
151870840_2017-05-03,2017.33424657534
KY579670_2011-04-11,2011.27397260274
KY579689_2007-02-28,2007.15890410959
JX160447_2009-05-12,2009.35890410959
JX160236_2009-02-03,2009.0904109589
JX160286_2007-09-18,2007.71232876712
JX160841_2009-03-03,2009.16712328767
JX160384_2007-06-11,2007.44109589041
JX160825_2006-10-24,2006.81095890411
JX160376_2006-02-27,2006.15616438356
JX160465_2005-11-07,2005.84931506849
151185967_2014-05-14,2014.36438356164
151246780_2014-06-25,2014.47945205479
68311_2015-02-13,2015.11780821918
JX160422_2004-11-18,2004.87978142077
JX160813_2001-08-03,2001.58630136986
JX161420_1998-11-19,1998.88219178082
152169525_2018-03-27,2018.23287671233
63036_2018-03-05,2018.17260273973
JX161107_2005-12-30,2005.99452054795
JX160123_2009-03-19,2009.21095890411
JX161100_2006-10-31,2006.8301369863
JX160887_2008-04-22,2008.30601092896
JX160490_2004-05-19,2004.37978142077
JX160564_2003-08-01,2003.58082191781
JX160687_2008-07-21,2008.55191256831
JX160248_2001-11-29,2001.9095890411
JX160780_2003-10-02,2003.75068493151
JX160696_2008-10-31,2008.8306010929
JX161051_2000-12-28,2000.98907103825
KY579697_2004-07-07,2004.51366120219
JX161325_2003-07-25,2003.56164383562
151877244_2017-04-24,2017.3095890411
JX160872_2007-01-09,2007.02191780822
KY579686_2010-01-27,2010.07123287671
JX160347_2004-02-20,2004.13661202186
JX160466_2003-05-07,2003.34520547945
54649_2016-02-23,2016.14480874317
JX160120_2009-02-16,2009.12602739726
JX161090_2008-12-26,2008.98360655738
JX161289_2007-04-09,2007.26849315068
JX161442_2008-06-03,2008.42076502732
KY579653_2007-03-07,2007.17808219178
JX160393_2000-11-15,2000.87158469945
JX160773_2005-05-25,2005.39452054795
JX160295_2001-11-15,2001.87123287671
JX161352_2000-06-30,2000.49453551913
JX161163_2002-12-28,2002.98904109589
JX161447_2002-11-13,2002.86575342466
KY579702_2001-07-11,2001.52328767123
KY579732_2009-07-13,2009.52876712329
JX160545_2000-05-22,2000.38797814208
JX161268_2002-01-14,2002.03561643836
JX161310_2002-04-10,2002.27123287671
JX160190_2006-02-23,2006.14520547945
151760805_2016-10-10,2016.77322404372
JX160843_2002-05-01,2002.32876712329
JX160377_2004-07-14,2004.53278688525
KY579656_2003-10-30,2003.82739726027
JX160246_2007-01-16,2007.04109589041
JX160870_2005-10-04,2005.75616438356
JX160398_2008-05-30,2008.40983606557
JX160362_2005-01-14,2005.03561643836
JX160944_2007-11-20,2007.88493150685
JX160639_2008-07-15,2008.53551912568
JX161250_2006-08-08,2006.6
JX161316_2009-09-09,2009.68767123288
KY579737_2008-11-10,2008.85792349727
JX161291_2007-01-31,2007.08219178082
JX161354_2006-03-07,2006.17808219178
151089636_2016-03-14,2016.19945355191
151201299_2014-10-07,2014.76438356164
JX160135_2005-09-22,2005.72328767123
JX161091_2002-01-30,2002.07945205479
JX160395_2006-11-07,2006.84931506849
JX160640_2001-03-19,2001.21095890411
JX161078_2000-01-27,2000.07103825137
151772325_2016-10-31,2016.8306010929
151793536_2016-12-02,2016.91803278689
JX161328_2003-09-05,2003.67671232877
JX160183_2006-02-09,2006.10684931507
JX160168_2003-06-16,2003.45479452055
KY579674_2010-01-25,2010.06575342466
JX161135_2001-02-23,2001.14520547945
KY579654_2010-09-08,2010.68493150685
JX160442_2005-09-16,2005.70684931507
JX160991_2007-07-31,2007.57808219178
JX161336_1999-08-19,1999.6301369863
JX161478_2007-02-27,2007.15616438356
151416160_2015-07-22,2015.55342465753
151421247_2014-07-16,2014.53698630137
JX160711_2006-11-20,2006.88493150685
JX161244_2004-07-22,2004.55464480874
JX160516_2005-07-05,2005.50684931507
KY579728_2005-07-05,2005.50684931507
JX161438_2006-09-13,2006.69863013699
JX160132_2000-02-22,2000.14207650273
JX160793_2001-09-25,2001.73150684932
JX160805_2005-12-29,2005.99178082192
JX160534_2006-08-15,2006.61917808219
151425648_2015-03-16,2015.20273972603
151563547_2015-11-19,2015.88219178082
JX160388_2004-05-24,2004.39344262295
JX161345_2008-10-09,2008.77049180328
152248689_2018-07-05,2018.50684931507
JX160155_2000-02-07,2000.10109289617
JX160109_2004-10-21,2004.80327868852
JX160996_2004-01-07,2004.01639344262
JX160299_1999-07-22,1999.55342465753
JX161286_1999-03-23,1999.22191780822
JX160111_2002-03-27,2002.23287671233
KY579716_2001-12-18,2001.96164383562
151343146_2014-10-08,2014.76712328767
151957132_2017-08-18,2017.62739726027
KY579736_2003-05-30,2003.40821917808
JX160309_2007-08-23,2007.64109589041
JX160698_2003-10-23,2003.80821917808
JX160394_2001-08-13,2001.61369863014
JX161080_2005-07-06,2005.5095890411
JX160583_2003-12-30,2003.99452054795
JX161440_2003-08-12,2003.61095890411
JX160586_2003-04-29,2003.32328767123
JX160327_2001-08-30,2001.6602739726
JX160475_2006-11-07,2006.84931506849
JX160348_2003-12-01,2003.91506849315
JX160853_2003-11-10,2003.85753424658
JX160385_2001-05-22,2001.38630136986
JX161176_2004-07-22,2004.55464480874
KY579665_2007-04-20,2007.29863013699
JX160635_2003-09-19,2003.71506849315
JX160215_2000-03-27,2000.2349726776
JX161365_2008-06-09,2008.43715846995
JX160764_2003-01-13,2003.03287671233
JX160699_2007-11-26,2007.90136986301
JX161026_1998-09-17,1998.7095890411
JX161260_2002-01-14,2002.03561643836
JX160896_2002-10-14,2002.78356164384
JX160230_2002-07-31,2002.57808219178
JX160551_2002-07-31,2002.57808219178
JX160483_2001-01-08,2001.01917808219
JX160936_2003-12-17,2003.95890410959
JX160351_2006-06-14,2006.44931506849
KY579692_2009-02-26,2009.15342465753
KY579709_2003-06-12,2003.44383561644
JX160368_2005-03-28,2005.23561643836
JX160753_2007-12-10,2007.9397260274
KY579687_2004-08-10,2004.60655737705
KY579750_2007-05-30,2007.40821917808
JX160967_2007-05-09,2007.35068493151
KY579661_2012-10-30,2012.82786885246
JX160253_2005-07-27,2005.56712328767
JX161414_2001-02-26,2001.15342465753
JX160429_2004-06-28,2004.48907103825
JX160462_1997-05-01,1997.32876712329
JX160823_1999-02-10,1999.1095890411
JX161030_2000-02-28,2000.15846994536
JX161432_2000-02-29,2000.16120218579
151836279_2017-03-14,2017.19726027397
151852984_2017-03-07,2017.17808219178
JX160430_2005-02-11,2005.11232876712
JX161148_2005-10-11,2005.77534246575
JX160952_2000-02-23,2000.14480874317
JX161229_2005-02-25,2005.15068493151
81096_2016-03-23,2016.22404371585
JX160410_2007-04-16,2007.28767123288
KY579682_2007-07-17,2007.5397260274
JX161326_2009-05-21,2009.38356164384
JX161282_2008-03-18,2008.21038251366
JX161133_2006-07-17,2006.5397260274
JX160522_2001-05-01,2001.32876712329
JX160983_2008-10-16,2008.78961748634
JX161467_2003-04-10,2003.27123287671
JX160803_2001-03-30,2001.24109589041
JX161201_2004-04-01,2004.24863387978
JX161455_2004-06-07,2004.43169398907
JX161198_2001-09-10,2001.6904109589
KY579749_2001-01-17,2001.04383561644
JX160287_2006-03-07,2006.17808219178
KY579748_2010-10-28,2010.82191780822
JX160367_1998-02-27,1998.15616438356
JX161199_1999-04-13,1999.27945205479
JX160471_2004-05-26,2004.39890710383
JX160631_2003-09-15,2003.70410958904
JX160867_2005-10-24,2005.81095890411
JX161405_2003-02-24,2003.14794520548
JX160736_2002-07-15,2002.53424657534
JX160922_2006-05-19,2006.37808219178
JX160318_2007-08-06,2007.59452054795
JX160919_2005-11-28,2005.90684931507
JX161383_2000-05-01,2000.3306010929
JX160826_2007-10-29,2007.82465753425
JX160969_2007-10-29,2007.82465753425
JX160372_1997-07-11,1997.52328767123
JX160437_2001-08-07,2001.59726027397
KY579711_2010-07-22,2010.55342465753
JX160553_2002-03-11,2002.18904109589
JX161127_2001-11-21,2001.88767123288
JX161132_2006-11-03,2006.83835616438
KY579745_2006-11-03,2006.83835616438
JX160596_2002-03-15,2002.2
JX160744_2001-09-24,2001.72876712329
JX161400_2005-11-05,2005.84383561644
151397358_2015-01-28,2015.07397260274
KY579643_2011-09-01,2011.66575342466
87273_2015-02-06,2015.09863013699
JX160213_2002-07-25,2002.56164383562
JX160948_2002-06-26,2002.48219178082
151437637_2015-09-25,2015.73150684932
JX160552_2001-01-31,2001.08219178082
151729534_2016-08-22,2016.6393442623
152239203_2018-06-21,2018.46849315068
JX161303_2002-07-11,2002.52328767123
JX160844_2001-12-31,2001.99726027397
JX161454_2008-12-05,2008.9262295082
JX160158_2001-06-13,2001.44657534247
JX160529_1999-04-23,1999.30684931507
JX160574_2008-09-08,2008.68579234973
JX160609_2008-02-26,2008.15300546448
JX160623_2009-04-02,2009.24931506849
JX160651_2009-04-02,2009.24931506849
JX160821_1999-06-03,1999.41917808219
JX160149_2000-03-13,2000.19672131148
JX161119_2002-06-03,2002.41917808219
JX160881_2002-08-29,2002.65753424658
JX160411_2000-02-15,2000.12295081967
JX161360_2000-03-09,2000.18579234973
JX160204_2006-12-16,2006.95616438356
JX160424_2005-04-20,2005.29863013699
KY579718_2012-11-20,2012.88524590164
JX160301_2001-03-05,2001.17260273973
JX161259_2009-06-22,2009.47123287671
151657708_2016-05-25,2016.39617486339
51036_2011-10-11,2011.77534246575
JX161300_2007-12-20,2007.96712328767
JX160816_2005-06-01,2005.41369863014
JX160739_2000-12-04,2000.92349726776
JX161070_2008-02-08,2008.10382513661
JX160176_2000-07-07,2000.51366120219
JX160214_2001-03-14,2001.19726027397
JX160838_2002-02-01,2002.08493150685
JX160964_2003-08-08,2003.6
JX161141_2001-08-14,2001.61643835616
JX161398_2004-07-19,2004.54644808743
JX160137_2005-11-28,2005.90684931507
KY579694_2005-11-28,2005.90684931507
JX160192_2001-12-08,2001.93424657534
JX160824_2006-09-14,2006.70136986301
JX161028_2004-10-01,2004.74863387978
JX161191_2005-10-11,2005.77534246575
JX160294_2006-11-15,2006.87123287671
JX160575_2006-04-13,2006.27945205479
JX160254_2001-12-04,2001.92328767123
JX160594_2005-04-07,2005.26301369863
JX160954_2002-05-23,2002.38904109589
JX161421_2005-02-28,2005.15890410959
JX160985_2000-10-28,2000.82240437158
151473925_2015-06-10,2015.43835616438
JX160222_2003-11-04,2003.84109589041
JX160743_2002-03-05,2002.17260273973
JX161076_2001-12-12,2001.94520547945
152089735_2017-12-09,2017.93698630137
152341125_2018-11-29,2018.9095890411
KY579680_2012-09-19,2012.71584699454
JX161245_2005-11-22,2005.8904109589
JX161304_2006-10-02,2006.75068493151
JX160783_1998-12-17,1998.95890410959
JX161044_2006-12-20,2006.96712328767
151059459_2016-11-18,2016.87978142077
151577581_2016-08-12,2016.61202185792
151700095_2016-07-07,2016.51366120219
151862668_2017-03-22,2017.21917808219
152393410_2018-12-24,2018.97808219178
151702929_2017-02-13,2017.11780821918
KY579642_2010-02-23,2010.14520547945
151828452_2017-01-31,2017.08219178082
151407790_2016-06-10,2016.43989071038
152070132_2017-12-19,2017.96438356164
151184080_2016-10-26,2016.81693989071
151656448_2016-05-12,2016.3606557377
151622730_2016-03-28,2016.23770491803
151593346_2016-01-02,2016.00273224044
152159592_2018-04-30,2018.32602739726
KY579651_2013-04-10,2013.27123287671
73422_2012-02-20,2012.13661202186
46294_2018-07-31,2018.57808219178
151419552_2015-03-24,2015.22465753425
151892194_2017-05-06,2017.34246575342
151893718_2017-05-11,2017.35616438356
151933009_2017-07-06,2017.5095890411
50557_2011-02-03,2011.0904109589
JX160268_2008-04-24,2008.31147540984
JX160972_2003-10-17,2003.79178082192
JX160474_2005-12-16,2005.95616438356
JX161228_2005-12-09,2005.93698630137
JX160917_2006-07-14,2006.53150684932
151347906_2014-10-23,2014.80821917808
JX160965_2009-06-16,2009.45479452055
JX161270_2007-03-19,2007.21095890411
151673656_2016-06-08,2016.43442622951
151776876_2016-11-22,2016.89071038251
JX160505_2007-03-06,2007.17534246575
JX161125_2000-10-24,2000.81147540984
JX160721_2009-01-30,2009.07945205479
JX160976_2004-08-18,2004.62841530055
JX160989_2005-11-14,2005.86849315069
151421979_2015-05-05,2015.3397260274
151644930_2016-03-29,2016.24043715847
152042106_2018-07-17,2018.5397260274
KY579683_2008-08-18,2008.62841530055
JX160895_1999-05-25,1999.39452054795
JX160267_2009-01-27,2009.07123287671
JX161430_1999-03-02,1999.16438356164
151636453_2018-11-06,2018.84657534247
151983909_2017-09-21,2017.72054794521
JX160457_2004-05-18,2004.37704918033
JX161007_2007-09-07,2007.68219178082
JX161355_2002-04-05,2002.25753424658
JX160110_2002-06-03,2002.41917808219
JX161210_2005-01-14,2005.03561643836
JX160905_2003-04-01,2003.24657534247
JX161032_2002-02-25,2002.15068493151
JX161395_2001-08-16,2001.62191780822
JX160828_2006-12-24,2006.97808219178
JX161330_1999-03-30,1999.24109589041
JX160207_2004-01-22,2004.05737704918
151417122_2015-03-03,2015.16712328767
151420866_2015-03-18,2015.20821917808
JX161013_2000-04-17,2000.29234972678
152219338_2018-06-08,2018.43287671233
JX160827_2003-01-31,2003.08219178082
JX160191_2000-01-24,2000.06284153005
JX160781_2005-11-09,2005.85479452055
JX160378_1999-03-29,1999.23835616438
JX161202_2002-12-13,2002.94794520548
JX161433_2001-03-09,2001.18356164384
JX160444_2007-11-26,2007.90136986301
JX161144_2004-06-15,2004.45355191257
KY579690_2007-12-10,2007.9397260274
JX161242_2000-10-23,2000.8087431694
JX160252_2000-07-27,2000.56830601093
JX160498_2007-08-28,2007.65479452055
JX160279_2001-03-22,2001.21917808219
JX160579_2004-12-15,2004.95355191257
JX161390_2005-11-10,2005.85753424658
JX160464_2007-08-27,2007.65205479452
JX160770_2003-01-11,2003.02739726027
JX161055_1999-05-17,1999.37260273973
JX160782_1999-05-03,1999.33424657534
151436080_2015-04-01,2015.24657534247
151737504_2016-08-30,2016.66120218579
JX161386_2003-03-21,2003.21643835616
151914745_2017-06-30,2017.49315068493
151540191_2017-06-12,2017.44383561644
JX160330_1999-05-19,1999.37808219178
JX160540_2002-02-14,2002.12054794521
JX160971_2007-12-11,2007.94246575342
JX160298_2005-01-20,2005.05205479452
JX160472_2001-10-25,2001.81369863014
JX161217_2006-11-07,2006.84931506849
JX160116_2009-02-03,2009.0904109589
JX160202_2005-01-18,2005.04657534247
JX160953_2003-02-13,2003.11780821918
JX160757_2002-08-01,2002.58082191781
JX160559_2008-12-09,2008.93715846995
KY579648_2007-09-01,2007.66575342466
JX161150_2002-07-09,2002.51780821918
JX161380_2004-08-10,2004.60655737705
JX161387_2000-07-11,2000.52459016393
JX160425_1999-12-13,1999.94794520548
JX160570_1999-04-16,1999.28767123288
JX160536_2000-05-26,2000.39890710383
JX160722_2003-04-14,2003.28219178082
JX160479_2000-06-13,2000.44808743169
JX161190_2003-12-03,2003.92054794521
JX160480_2007-06-25,2007.47945205479
JX160648_2009-03-26,2009.2301369863
JX160796_2007-08-21,2007.63561643836
JX161315_2009-03-03,2009.16712328767
JX161389_1998-07-01,1998.49589041096
150891010_2012-12-04,2012.92349726776
JX160597_2009-09-28,2009.7397260274
151184973_2015-10-19,2015.79726027397
151105699_2014-01-03,2014.00547945205
151501138_2015-10-01,2015.74794520548
151701459_2016-08-25,2016.64754098361
152234269_2018-07-13,2018.52876712329
151333921_2014-09-24,2014.72876712329
151341238_2014-12-02,2014.91780821918
151178134_2016-06-16,2016.45628415301
151627099_2016-03-28,2016.23770491803
151632751_2016-11-03,2016.83879781421
JX160278_2001-01-16,2001.04109589041
JX160901_2001-06-05,2001.42465753425
JX160992_2000-10-04,2000.75683060109
JX161145_2001-05-24,2001.39178082192
JX161160_2001-05-24,2001.39178082192
JX160726_2008-01-31,2008.08196721311
JX160657_2007-07-24,2007.55890410959
151361622_2014-11-05,2014.84383561644
JX160338_2001-11-29,2001.9095890411
JX160547_2003-08-14,2003.61643835616
JX160998_2008-03-18,2008.21038251366
JX160646_2003-03-24,2003.22465753425
JX160778_2006-01-12,2006.0301369863
JX160720_2006-03-16,2006.20273972603
151620613_2016-03-24,2016.22677595628
78864_2011-08-08,2011.6
JX160822_2003-12-23,2003.97534246575
JX161353_2008-11-20,2008.88524590164
JX161329_2009-04-27,2009.31780821918
JX160255_2008-12-23,2008.97540983607
151941289_2017-07-19,2017.54520547945
JX160281_1999-10-04,1999.75616438356
152267488_2018-07-17,2018.5397260274
JX160256_2007-02-21,2007.1397260274
JX160958_2003-03-31,2003.24383561644
152365444_2018-11-21,2018.88767123288
JX160117_2001-05-01,2001.32876712329
JX161192_2007-01-02,2007.00273972603
JX160434_1998-12-15,1998.95342465753
JX161074_2003-11-17,2003.87671232877
JX160371_2002-05-02,2002.33150684932
JX160509_2000-11-27,2000.9043715847
JX160200_2003-08-05,2003.59178082192
JX161154_2000-08-11,2000.60928961749
JX160719_2001-10-22,2001.80547945205
JX160883_2008-08-22,2008.6393442623
KY579738_2009-09-28,2009.7397260274
JX160315_2005-01-28,2005.07397260274
JX160904_2005-01-28,2005.07397260274
JX160678_2007-08-13,2007.61369863014
JX161065_2005-08-16,2005.62191780822
JX161267_2003-05-19,2003.37808219178
JX160766_2002-07-03,2002.50136986301
JX160645_2002-01-28,2002.07397260274
152386896_2018-12-20,2018.96712328767
83820_2012-04-09,2012.27049180328
JX160339_2007-09-27,2007.73698630137
JX161039_2008-09-23,2008.72677595628
JX161214_2007-09-02,2007.66849315068
34375_2011-12-08,2011.93424657534
JX160178_2008-03-20,2008.21584699454
JX160598_2003-08-18,2003.62739726027
JX160264_2003-06-30,2003.49315068493
JX161041_1999-01-26,1999.06849315068
JX160130_2002-02-25,2002.15068493151
JX160535_2000-08-04,2000.59016393443
JX161098_2007-08-06,2007.59452054795
JX161139_2007-02-19,2007.13424657534
JX160139_2001-11-28,2001.90684931507
JX160229_2006-06-26,2006.48219178082
JX160512_2000-02-29,2000.16120218579
JX161140_1999-04-20,1999.29863013699
JX160334_2002-03-28,2002.23561643836
JX161241_1999-11-08,1999.85205479452
KY579691_2013-03-23,2013.22191780822
JX160644_2003-01-27,2003.07123287671
JX160864_2002-01-31,2002.08219178082
JX160945_2005-04-11,2005.27397260274
JX161058_2003-04-17,2003.2904109589
JX160584_2006-09-07,2006.68219178082
JX160577_2000-05-31,2000.41256830601
JX161000_2001-05-31,2001.41095890411
JX160661_1999-07-23,1999.55616438356
JX160915_2003-09-08,2003.68493150685
JX161469_2002-03-04,2002.1698630137
151872987_2017-08-08,2017.6
151912494_2017-06-09,2017.43561643836
152195370_2018-05-07,2018.34520547945
JX160403_2008-04-02,2008.25136612022
JX160608_2007-09-20,2007.71780821918
JX160561_2003-05-29,2003.40547945205
JX160695_2005-07-11,2005.52328767123
JX160987_2004-10-10,2004.77322404372
150912351_2016-07-20,2016.54918032787
150930106_2013-05-07,2013.34520547945
151978153_2017-09-07,2017.68219178082
151989862_2017-09-18,2017.71232876712
151680502_2016-09-19,2016.71584699454
152037903_2017-10-09,2017.7698630137
152060995_2017-10-30,2017.82739726027
51127_2012-09-07,2012.68306010929
KY579720_2012-11-21,2012.88797814208
JX160169_2007-05-24,2007.39178082192
151575927_2017-02-22,2017.14246575342
151576249_2017-12-01,2017.91506849315
151595511_2017-12-28,2017.98904109589
JX160112_2008-09-05,2008.67759562842
JX161215_2007-11-06,2007.84657534247
JX160774_2002-07-29,2002.57260273973
JX161378_2007-12-05,2007.92602739726
JX161169_2009-03-16,2009.20273972603
JX161273_2004-04-22,2004.30601092896
KY579667_2007-12-19,2007.96438356164
151083358_2015-06-25,2015.47945205479
151310203_2015-04-22,2015.30410958904
151449123_2015-06-23,2015.47397260274
JX160160_1999-03-01,1999.16164383562
JX160245_2004-06-22,2004.47267759563
JX161333_2000-06-28,2000.48907103825
JX161263_2007-05-31,2007.41095890411
JX160233_2006-08-22,2006.63835616438
JX161238_2000-02-11,2000.11202185792
JX160741_2000-02-11,2000.11202185792
JX160326_2003-10-07,2003.76438356164
JX160614_2004-01-07,2004.01639344262
JX161053_2005-10-24,2005.81095890411
JX161473_2004-07-22,2004.55464480874
JX160791_2002-01-22,2002.05753424658
JX161247_2002-08-21,2002.63561643836
JX160502_2004-10-01,2004.74863387978
JX160906_2002-09-05,2002.67671232877
JX160689_2000-06-20,2000.46721311475
JX161257_2000-11-20,2000.88524590164
JX160916_2005-11-10,2005.85753424658
JX160943_2008-02-19,2008.13387978142
152086726_2017-12-12,2017.94520547945
JX160469_2008-06-03,2008.42076502732
JX160888_2004-06-08,2004.43442622951
151813710_2017-01-03,2017.00547945205
JX160244_2001-12-08,2001.93424657534
JX161476_2000-08-17,2000.62568306011
JX161424_2003-05-28,2003.40273972603
JX161134_1998-12-11,1998.94246575342
JX160383_2001-11-08,2001.85205479452
JX160697_2000-06-23,2000.47540983607
JX161335_2008-12-11,2008.94262295082
KY579696_2010-02-18,2010.13150684931
JX160240_1998-09-30,1998.74520547945
JX161456_2007-05-15,2007.36712328767
JX160837_2006-08-31,2006.66301369863
JX161391_2007-12-19,2007.96438356164
150956554_2014-10-10,2014.77260273973
151664007_2016-05-23,2016.39071038251
KY579724_2014-06-11,2014.44109589041
JX160685_2006-10-10,2006.77260273973
JX160320_2005-08-10,2005.60547945205
JX160331_2003-06-09,2003.43561643836
JX160660_2006-06-22,2006.47123287671
JX161071_2007-04-24,2007.3095890411
JX160128_2007-05-22,2007.38630136986
JX160812_2005-09-15,2005.70410958904
JX161293_1998-09-18,1998.71232876712
151517364_2016-10-12,2016.77868852459
151699893_2016-07-01,2016.49726775956
151948048_2017-07-27,2017.56712328767
JX161050_2008-01-28,2008.0737704918
JX160171_2009-10-08,2009.76712328767
151637461_2016-04-08,2016.26775956284
151646538_2016-04-08,2016.26775956284
KY579708_2011-05-24,2011.39178082192
JX160898_2002-10-08,2002.76712328767
JX161003_2006-06-12,2006.44383561644
JX160894_2004-03-17,2004.20765027322
JX160920_2001-07-30,2001.57534246575
JX160628_1999-12-22,1999.97260273973
JX161234_2003-03-10,2003.18630136986
JX160999_2006-03-13,2006.19452054795
JX160418_2007-07-05,2007.50684931507
JX161073_2005-11-11,2005.8602739726
JX161225_2005-09-27,2005.73698630137
151520053_2016-05-12,2016.3606557377
JX160563_2009-10-27,2009.81917808219
151708981_2016-09-15,2016.70491803279
151720266_2018-04-19,2018.29589041096
JX160468_2002-12-02,2002.91780821918
JX160209_2003-03-25,2003.22739726027
JX160550_2000-05-23,2000.39071038251
JX160147_2005-04-21,2005.30136986301
JX160152_2001-11-12,2001.86301369863
JX160506_2008-10-24,2008.81147540984
JX160212_2000-06-07,2000.43169398907
JX160228_1998-12-30,1998.99452054795
JX160441_2000-04-07,2000.2650273224
JX160350_2005-11-30,2005.91232876712
JX161373_2008-11-24,2008.89617486339
JX160865_2007-02-19,2007.13424657534
JX160700_2003-06-02,2003.41643835616
JX160129_1999-01-21,1999.05479452055
JX160565_2005-04-07,2005.26301369863
JX160988_2001-06-04,2001.42191780822
JX160632_2000-05-10,2000.35519125683
JX160593_2001-10-22,2001.80547945205
JX161054_2007-01-27,2007.07123287671
JX160247_2001-01-08,2001.01917808219
JX160420_2000-10-10,2000.77322404372
JX161358_2003-04-25,2003.31232876712
JX161269_2005-01-31,2005.08219178082
JX160280_1999-10-19,1999.79726027397
JX160724_2001-01-25,2001.06575342466
JX160436_2000-10-24,2000.81147540984
JX161168_2002-06-03,2002.41917808219
JX160349_2001-04-24,2001.3095890411
JX161063_2002-08-08,2002.6
JX160414_2008-01-03,2008.00546448087
JX160694_2000-05-17,2000.37431693989
JX160174_2002-06-12,2002.44383561644
JX160387_2002-11-21,2002.88767123288
JX160986_2000-10-31,2000.8306010929
151614648_2016-02-11,2016.11202185792
JX161224_2006-06-22,2006.47123287671
JX161008_2003-06-10,2003.43835616438
151984315_2017-09-12,2017.69589041096
JX161158_2003-05-16,2003.3698630137
JX160582_2003-06-26,2003.48219178082
JX160439_2007-09-18,2007.71232876712
JX160276_2005-10-21,2005.80273972603
KY579650_2005-10-21,2005.80273972603
JX160590_2000-05-09,2000.35245901639
JX160369_2004-06-24,2004.4781420765
JX161006_2003-05-08,2003.34794520548
JX160221_1999-06-22,1999.47123287671
JX160617_2008-08-22,2008.6393442623
151285251_2015-09-15,2015.70410958904
151534944_2015-09-28,2015.7397260274
152080168_2017-12-13,2017.94794520548
152214331_2018-06-01,2018.41369863014
152243148_2018-06-22,2018.47123287671
JX160249_2005-01-26,2005.06849315068
JX161337_2001-01-08,2001.01917808219
JX160488_2007-06-22,2007.47123287671
JX160354_2007-06-22,2007.47123287671
JX160760_2005-01-14,2005.03561643836
JX160355_2007-03-06,2007.17534246575
JX160653_2004-09-03,2004.67213114754
151850673_2017-03-06,2017.17534246575
KY579659_2009-05-07,2009.34520547945
JX160257_2003-10-30,2003.82739726027
JX161418_2006-06-15,2006.45205479452
JX160273_2004-02-03,2004.09016393443
JX161061_1999-03-30,1999.24109589041
JX160390_2000-06-28,2000.48907103825
JX161374_2000-06-22,2000.47267759563
JX160776_2004-04-20,2004.30054644809
JX161470_2006-03-21,2006.21643835616
JX161180_2002-11-21,2002.88767123288
JX160400_2007-08-13,2007.61369863014
JX160918_1999-02-17,1999.12876712329
JX161363_2001-03-29,2001.23835616438
JX160750_2007-01-08,2007.01917808219
151409713_2018-11-15,2018.87123287671
152062377_2017-11-17,2017.87671232877
152074707_2018-08-30,2018.6602739726
152360394_2018-12-13,2018.94794520548
JX160194_1999-04-23,1999.30684931507
JX160810_1999-01-28,1999.07397260274
JX160554_1999-02-04,1999.09315068493
JX160942_1999-07-08,1999.51506849315
JX161319_2002-07-11,2002.52328767123
JX160487_2000-02-16,2000.12568306011
JX161480_1998-12-02,1998.91780821918
JX160335_2006-10-30,2006.82739726027
JX161351_2006-12-12,2006.94520547945
JX160151_2001-12-12,2001.94520547945
JX160337_2002-07-19,2002.54520547945
JX161042_2008-12-23,2008.97540983607
JX160231_2000-02-23,2000.14480874317
KY579675_2009-09-11,2009.69315068493
152038015_2017-11-15,2017.87123287671
JX161280_2005-04-18,2005.29315068493
JX160493_2001-09-26,2001.73424657534
JX160404_2001-11-12,2001.86301369863
JX160716_2005-02-14,2005.12054794521
JX160454_2006-12-02,2006.91780821918
KY579717_2007-01-26,2007.06849315068
JX160746_2009-04-23,2009.30684931507
JX160749_2006-06-09,2006.43561643836
KY579712_2010-07-01,2010.49589041096
151468993_2015-06-29,2015.4904109589
151743139_2016-09-12,2016.69672131148
JX160745_2003-05-30,2003.40821917808
JX160893_2002-04-15,2002.28493150685
JX160732_2002-10-24,2002.81095890411
151289155_2015-03-24,2015.22465753425
JX160308_2004-10-25,2004.81420765027
JX160658_2000-04-28,2000.32240437158
JX160786_2008-03-11,2008.1912568306
JX160742_1999-10-26,1999.81643835616
151315195_2014-09-09,2014.68767123288
151496881_2015-07-23,2015.55616438356
151292308_2014-08-05,2014.59178082192
JX160491_2004-11-12,2004.86338797814
JX160977_1999-06-08,1999.43287671233
151643401_2016-04-06,2016.26229508197
39472_2016-12-28,2016.98907103825
JX161223_2001-04-10,2001.27123287671
JX160568_2002-11-11,2002.8602739726
KY579660_2009-11-04,2009.84109589041
JX160737_2002-03-18,2002.20821917808
JX160880_2007-08-09,2007.60273972603
JX160892_2000-10-19,2000.79781420765
JX161077_2004-07-26,2004.56557377049
151750231_2016-10-07,2016.7650273224
JX161052_2007-03-27,2007.23287671233
JX160686_2006-12-07,2006.93150684932
JX161227_2000-10-06,2000.76229508197
151479142_2016-03-09,2016.18579234973
JX161240_2003-11-20,2003.88493150685
JX161048_2008-03-07,2008.18032786885
KY579703_2001-04-26,2001.31506849315
JX160432_2001-02-14,2001.12054794521
JX160775_1997-11-19,1997.88219178082
JX160788_2003-10-23,2003.80821917808
JX160184_2004-03-02,2004.16666666667
JX161151_2007-03-15,2007.2
JX161174_2004-04-02,2004.25136612022
JX160814_2009-08-28,2009.65479452055
JX160759_1999-04-19,1999.29589041096
JX161399_1999-02-23,1999.14520547945
151295836_2015-11-03,2015.83835616438
JX160460_2008-07-08,2008.51639344262
151705317_2016-08-09,2016.60382513661
JX160224_2001-07-23,2001.55616438356
JX160677_2005-09-01,2005.66575342466
JX161094_2001-05-23,2001.38904109589
151932910_2017-07-03,2017.50136986301
JX160356_2007-07-12,2007.52602739726
JX160470_2005-06-22,2005.47123287671
JX160668_2003-01-08,2003.01917808219
JX160829_2008-03-31,2008.24590163934
JX161142_2009-01-30,2009.07945205479
JX161307_2009-07-06,2009.5095890411
KY579714_2004-10-18,2004.79508196721
JX161471_2002-01-10,2002.02465753425
JX160627_2004-04-30,2004.32786885246
JX160815_2001-11-15,2001.87123287671
JX161357_2006-08-01,2006.58082191781
KY579662_2011-05-25,2011.39452054795
JX160163_2006-11-27,2006.90410958904
KY579649_2011-01-06,2011.01369863014
JX160820_2003-01-11,2003.02739726027
JX161085_2009-01-29,2009.07671232877
KY579663_2005-04-08,2005.26575342466
JX160170_1999-01-21,1999.05479452055
JX160581_2000-02-09,2000.10655737705
JX161088_2005-06-14,2005.44931506849
JX161082_2008-08-12,2008.61202185792
JX161381_2004-08-04,2004.59016393443
JX161072_2004-09-24,2004.72950819672
JX161251_2002-08-12,2002.61095890411
JX160445_1999-04-27,1999.31780821918
JX160740_2005-04-14,2005.28219178082
JX161182_2007-09-07,2007.68219178082
KY579684_2012-05-17,2012.37431693989
JX161111_1999-11-11,1999.8602739726
JX161156_2000-06-12,2000.44535519126
JX160489_2007-06-05,2007.42465753425
JX160528_2007-08-13,2007.61369863014
JX161060_2002-04-25,2002.31232876712
JX161095_2003-01-03,2003.00547945205
JX160877_2007-04-03,2007.25205479452
JX161067_2001-04-23,2001.30684931507
JX160929_2008-10-01,2008.74863387978
151899217_2017-05-16,2017.3698630137
35406_2014-05-13,2014.36164383562
JX160833_2004-12-10,2004.93989071038
JX160397_2001-09-10,2001.6904109589
152218668_2018-05-24,2018.39178082192
JX161423_2006-09-13,2006.69863013699
JX160272_2006-01-30,2006.07945205479
JX161183_2008-08-05,2008.59289617486
JX160523_2008-09-02,2008.6693989071
JX161040_2005-09-19,2005.71506849315
JX160576_2003-11-25,2003.89863013699
151324752_2015-04-21,2015.30136986301
151826638_2017-02-09,2017.10684931507
JX161024_2009-07-14,2009.53150684932
JX161162_2007-03-26,2007.2301369863
JX160293_2006-12-08,2006.93424657534
JX160164_2000-08-30,2000.66120218579
152151442_2018-07-22,2018.55342465753
JX160767_2004-06-01,2004.41530054645
JX161292_2006-09-19,2006.71506849315
152151331_2018-03-05,2018.17260273973
64444_2018-03-22,2018.21917808219
KY579729_2013-03-06,2013.17534246575
JX161254_2009-04-02,2009.24931506849
151794904_2017-01-20,2017.05205479452
151935250_2017-07-12,2017.52602739726
JX160652_2009-04-14,2009.28219178082
KY579701_2012-06-12,2012.44535519126
JX160858_1999-09-22,1999.72328767123
151340038_2014-10-02,2014.75068493151
151355323_2014-12-04,2014.92328767123
JX160113_2007-04-11,2007.27397260274
JX161069_2004-02-12,2004.11475409836
JX160389_2005-03-09,2005.18356164384
JX160599_2004-08-04,2004.59016393443
JX161249_2002-12-24,2002.97808219178
JX161216_2005-08-04,2005.58904109589
KY579715_2006-12-18,2006.96164383562
JX160223_2005-11-03,2005.83835616438
JX160557_2004-07-23,2004.55737704918
JX160961_2001-03-29,2001.23835616438
JX161020_2006-09-11,2006.69315068493
JX160852_2005-05-27,2005.4
JX160312_1999-10-16,1999.78904109589
JX160461_2009-02-05,2009.09589041096
JX160558_2006-01-09,2006.02191780822
JX161079_2008-01-14,2008.03551912568
JX161340_1999-05-17,1999.37260273973
JX160566_2002-12-09,2002.93698630137
47491_2015-03-19,2015.21095890411
JX160521_2002-04-09,2002.26849315068
JX161205_2002-04-15,2002.28493150685
JX161143_2000-10-19,2000.79781420765
JX160154_1998-12-14,1998.95068493151
JX161232_2000-08-23,2000.64207650273
JX160792_1999-05-13,1999.36164383562
JX161368_2006-03-23,2006.22191780822
JX161059_2009-07-23,2009.55616438356
JX160819_2000-09-13,2000.69945355191
JX160573_2006-10-16,2006.78904109589
JX160959_2004-03-23,2004.22404371585
JX161425_2002-05-29,2002.40547945205
151017475_2015-04-23,2015.30684931507
152326980_2018-10-04,2018.75616438356
82197_2011-08-29,2011.65753424658
KY579705_2008-07-17,2008.54098360656
151542330_2015-10-23,2015.80821917808
JX160587_2002-10-11,2002.77534246575
JX160305_2006-11-13,2006.86575342466
151429147_2015-03-19,2015.21095890411
151528012_2015-10-21,2015.80273972603
151654525_2016-04-28,2016.32240437158
151518267_2015-09-17,2015.7095890411
151521390_2015-09-24,2015.72876712329
JX160612_2008-12-10,2008.93989071038
151180578_2014-03-26,2014.2301369863
JX160261_2001-07-11,2001.52328767123
JX161281_2001-05-16,2001.3698630137
JX160435_2008-11-11,2008.8606557377
JX160756_2008-01-29,2008.07650273224
JX160797_2001-11-08,2001.85205479452
151301815_2018-05-30,2018.40821917808
151379011_2014-12-05,2014.92602739726
151379497_2015-01-07,2015.01643835616
151725051_2016-08-15,2016.62021857923
151810282_2017-06-22,2017.47123287671
152137675_2018-02-20,2018.13698630137
152039278_2017-10-17,2017.79178082192
151924812_2017-06-23,2017.47397260274
151931011_2017-06-30,2017.49315068493
152192043_2018-04-26,2018.31506849315
71886_2015-03-25,2015.22739726027
JX161045_2009-11-23,2009.89315068493
152166427_2018-03-23,2018.22191780822
78721_2012-10-10,2012.77322404372
JX161393_2003-11-11,2003.8602739726
JX160274_2005-04-19,2005.29589041096
JX160486_2008-04-04,2008.25683060109
JX161035_2004-05-17,2004.37431693989
JX161152_2009-04-14,2009.28219178082
151189251_2014-03-14,2014.19726027397
151582135_2018-12-07,2018.93150684932
JX160127_2007-08-28,2007.65479452055
JX160426_2002-07-15,2002.53424657534
JX160250_2004-03-11,2004.1912568306
JX160409_2003-08-27,2003.65205479452
JX160251_2007-07-23,2007.55616438356
JX160713_2008-10-24,2008.81147540984
151513195_2018-10-11,2018.77534246575
JX161459_2004-12-08,2004.93442622951
74238_2014-01-21,2014.05479452055
JX160891_2009-07-21,2009.55068493151
JX160546_2000-08-14,2000.6174863388
JX160624_1998-12-02,1998.91780821918
JX161009_2003-07-30,2003.57534246575
JX161452_2004-04-20,2004.30054644809
JX160982_2009-10-20,2009.8
JX161283_2009-10-20,2009.8
JX160879_2003-04-11,2003.27397260274
JX161171_1999-11-03,1999.83835616438
JX161298_2001-06-12,2001.44383561644
151843161_2017-02-20,2017.13698630137
JX161410_2005-07-01,2005.49589041096
JX160345_2000-03-09,2000.18579234973
JX160325_2004-05-25,2004.39617486339
JX160656_2002-02-05,2002.09589041096
152038300_2017-10-18,2017.79452054795
JX160515_2001-05-24,2001.39178082192
JX160649_2006-04-10,2006.27123287671
JX160970_2009-06-04,2009.42191780822
152235040_2018-06-14,2018.44931506849
JX161233_1998-04-09,1998.26849315068
JX160323_2001-10-09,2001.7698630137
KY579704_2009-04-24,2009.3095890411
151157415_2014-02-18,2014.13150684931
151535080_2015-09-24,2015.72876712329
151876401_2017-04-07,2017.26301369863
151190524_2014-03-24,2014.22465753425
JX160196_2006-11-13,2006.86575342466
JX160659_2004-07-02,2004.5
JX161184_2001-01-05,2001.01095890411
JX161317_2005-11-17,2005.87671232877
151401765_2015-02-06,2015.09863013699
152265685_2018-07-18,2018.54246575342
151573854_2017-08-08,2017.6
151593568_2016-02-17,2016.12841530055
151578336_2017-08-03,2017.58630136986
KY579726_2008-01-17,2008.04371584699
JX160304_2000-09-13,2000.69945355191
JX161332_2002-09-10,2002.6904109589
JX160533_2002-06-12,2002.44383561644
151439590_2015-04-13,2015.27945205479
151442095_2015-04-27,2015.31780821918
151445683_2015-04-29,2015.32328767123
151587520_2016-01-06,2016.01366120219
151590738_2016-01-20,2016.05191256831
46081_2016-06-30,2016.49453551913
JX160478_2001-07-11,2001.52328767123
JX160122_2004-08-23,2004.64207650273
JX161344_2008-07-15,2008.53551912568
151405728_2015-03-03,2015.16712328767
JX160855_2009-01-27,2009.07123287671
JX160847_2009-04-21,2009.30136986301
JX161331_2004-05-27,2004.40163934426
JX161312_2004-10-05,2004.75956284153
151474500_2015-07-16,2015.53698630137
151478979_2015-07-04,2015.50410958904
JX161407_2003-04-25,2003.31232876712
KY579678_2006-11-16,2006.87397260274
JX161116_2004-11-04,2004.84153005464
151691149_2016-07-28,2016.57103825137
151889026_2017-05-04,2017.33698630137
KY579725_2008-04-22,2008.30601092896
151668973_2016-05-24,2016.39344262295
JX161175_2007-08-10,2007.60547945205
KY579681_2012-04-16,2012.28961748634
26416_2014-05-30,2014.40821917808
JX161103_2008-02-12,2008.11475409836
JX161272_2007-10-18,2007.79452054795
JX161112_2007-01-03,2007.00547945205
JX160524_2000-09-14,2000.70218579235
JX161285_2003-06-10,2003.43835616438
JX160701_2007-10-09,2007.7698630137
JX160960_2001-11-26,2001.90136986301
151415838_2015-03-31,2015.24383561644
151526563_2015-09-18,2015.71232876712
151426530_2017-08-08,2017.6
JX160227_2002-11-12,2002.86301369863
JX161047_2001-01-31,2001.08219178082
JX160938_2008-11-24,2008.89617486339
JX161415_2007-06-26,2007.48219178082
JX160452_2008-08-01,2008.58196721311
JX160499_2000-08-15,2000.62021857923
JX161219_2004-07-15,2004.53551912568
JX160754_2008-08-22,2008.6393442623
JX160560_2000-11-06,2000.84699453552
JX160415_2001-03-19,2001.21095890411
JX161396_2003-04-14,2003.28219178082
JX161466_1998-10-23,1998.80821917808
JX160674_2003-09-28,2003.7397260274
JX161194_2003-10-20,2003.8
JX161394_2008-11-11,2008.8606557377
KY579734_2005-02-28,2005.15890410959
151481055_2016-08-02,2016.58469945355
JX161372_2007-03-29,2007.23835616438
JX160186_2007-05-18,2007.37534246575
JX160413_1999-12-22,1999.97260273973
JX160934_2005-05-19,2005.37808219178
JX160704_2006-05-23,2006.38904109589
JX161422_2008-03-31,2008.24590163934
KY579668_2010-03-18,2010.20821917808
JX160302_1999-08-03,1999.58630136986
JX160974_2002-04-22,2002.30410958904
JX161025_2003-10-07,2003.76438356164
152043924_2017-12-29,2017.99178082192
JX160508_2007-04-16,2007.28767123288
152357988_2018-11-07,2018.84931506849
JX161093_2006-02-08,2006.10410958904
JX161264_2002-10-23,2002.80821917808
152258650_2018-07-13,2018.52876712329
151793001_2016-12-09,2016.93715846995
152176519_2018-04-13,2018.27945205479
